[
  {
    "Command": [],
    "Constant": [],
    "Constructor": [],
    "Deprecated": [],
    "Field": [],
    "Function": [],
    "Method": [],
    "Variable": [],
    "desc": "Automatically stop/start music and increase/decrease volume when entering/leaving a video conference",
    "doc": "Automatically stop/start music and increase/decrease volume when entering/leaving a video conference\n",
    "items": [],
    "name": "VideoConfAutoSound",
    "stripped_doc": "",
    "submodules": [],
    "type": "Module"
  }
]